<?xml version="1.0" encoding="UTF-8"?>
<!DOCTYPE mapper PUBLIC "-//mybatis.org//DTD Mapper 3.0//EN" "http://mybatis.org/dtd/mybatis-3-mapper.dtd">
<mapper namespace="com.dao.BannerDAO">
  <resultMap id="BaseResultMap" type="com.bean.Banner">
    <id column="id" jdbcType="INTEGER" property="id" />
      <result column="img" jdbcType="VARCHAR" property="img" />
  </resultMap>
  
  
  <select id="selectAll" parameterType="hashmap" resultMap="BaseResultMap">
     select * from banner where 1=1
     order by id desc
   </select>
   
     <insert id="add" parameterType="com.bean.Banner">
      insert into banner values(null,#{img})
    </insert>
    
    <delete id="delete" parameterType="Int">
      delete from banner where id=#{id}
    </delete>
    
</mapper>