<?xml version="1.0" encoding="UTF-8"?>
<!DOCTYPE mapper
PUBLIC "-//mybatis.org//DTD Mapper 3.0//EN"
"http://mybatis.org/dtd/mybatis-3-mapper.dtd">
<mapper namespace="com.dao.CategoryDAO">
    <resultMap type="com.bean.Category" id="BaseResultMap">
      <id column="id" property="id" jdbcType="INTEGER"/>
      <result column="name" property="name" jdbcType="VARCHAR"/>
      <result column="delstatus" property="delstatus" jdbcType="VARCHAR"/>
    </resultMap>
    
    <select id="selectAll" parameterType="hashmap" resultMap="BaseResultMap">
      select * from Category where 1=1 and delstatus=0
      <if test="key!=null and key!=''">
      and name like "%"#{key}"%"
      </if>
      order by id desc
    </select>
    
    <select id="findById" parameterType="int" resultType="com.bean.Category">
      select * from Category where id=#{id}
    </select>
    
    
    
    <insert id="add" parameterType="com.bean.Category">
      insert into Category values(null,#{name},#{delstatus})
    </insert>
    
    <update id="update" parameterType="com.bean.Category">
       update category
       <set>
         <if test="name!=null and name!=''"> name=#{name},</if>
         <if test="delstatus!=null and delstatus!=''"> delstatus=#{delstatus},</if>
       </set>
       where id=#{id}
    </update>
    
    
    
</mapper>

