<?xml version="1.0" encoding="UTF-8"?>
<!DOCTYPE mapper PUBLIC "-//mybatis.org//DTD Mapper 3.0//EN" "http://mybatis.org/dtd/mybatis-3-mapper.dtd">
<mapper namespace="com.dao.DoctorpjDAO">
  <resultMap id="BaseResultMap" type="com.bean.Doctorpj">
    <id column="id" jdbcType="INTEGER" property="id" />

      <result column="regid" jdbcType="INTEGER" property="regid" />
    <result column="memberid" jdbcType="INTEGER" property="memberid" />
    <result column="doctorid" jdbcType="INTEGER" property="doctorid" />
      <result column="note" jdbcType="VARCHAR" property="note" />

    <result column="savetime" jdbcType="VARCHAR" property="savetime" />
      <result column="star" jdbcType="VARCHAR" property="star" />

  </resultMap>
  
  
  <select id="selectAll" parameterType="hashmap" resultMap="BaseResultMap">
     select * from Doctorpj where 1=1
     <if test="memberid!=null and memberid!=''">
     and memberid = #{memberid}
     </if>
      <if test="doctorid!=null and doctorid!=''">
          and doctorid = #{doctorid}
      </if>
      <if test="key!=null and key!=''">
          and note like "%"#{key}"%"
      </if>
      <if test="regid!=null and regid!=''">
          and regid = #{regid}
      </if>

     order by id desc
   </select>
   
   <select id="findById" parameterType="int" resultType="com.bean.Doctorpj">
      select * from Doctorpj where id=#{id}
    </select>
    
     <insert id="add" parameterType="com.bean.Doctorpj">
      insert into Doctorpj values(null,#{regid},#{doctorid},#{memberid},#{note},#{savetime},#{star})
    </insert>
    
    <update id="update" parameterType="com.bean.Doctorpj">
       update Doctorpj
       <set>
           <if test="note !=null and note !=''"> note=#{note},</if>
       </set>
       where id=#{id}
    </update>
    
    <delete id="delete" parameterType="Int">
      delete from Doctorpj where id=#{id}
    </delete>
    
</mapper>