<?xml version="1.0" encoding="UTF-8"?>
<!DOCTYPE mapper PUBLIC "-//mybatis.org//DTD Mapper 3.0//EN" "http://mybatis.org/dtd/mybatis-3-mapper.dtd">
<mapper namespace="com.dao.OfficeDAO">
  <resultMap id="BaseResultMap" type="com.bean.Office">
        <id column="id" jdbcType="INTEGER" property="id" />
        <result column="name" jdbcType="VARCHAR" property="name" />
        <result column="note" jdbcType="VARCHAR" property="note" />
    <result column="delstatus" jdbcType="VARCHAR" property="delstatus" />
      <result column="bz" jdbcType="VARCHAR" property="bz" />

  </resultMap>
  
  
  <select id="selectAll" parameterType="hashmap" resultMap="BaseResultMap">
     select * from office where 1=1 and delstatus=0
     <if test="key!=null and key!=''">
     and name like "%"#{key}"%"
     </if>
      <if test="bz!=null and bz!=''">
          and bz like "%"#{bz}"%"
      </if>

     order by id desc
   </select>
   
   <select id="findById" parameterType="int" resultType="com.bean.Office">
      select * from office where id=#{id}
    </select>
    
     <insert id="add" parameterType="com.bean.Office">
      insert into office values(null,#{name},#{note},#{delstatus},#{bz})
    </insert>
    
    <update id="update" parameterType="com.bean.Office">
       update office
       <set>
            <if test="name!=null and name!=''"> name=#{name},</if>
            <if test="name!=null and name!=''"> note=#{note},</if>
            <if test="delstatus!=null and delstatus!=''"> delstatus=#{delstatus},</if>
           <if test="name!=null and name!=''"> bz=#{bz},</if>
       </set>
       where id=#{id}
    </update>
    
    
</mapper>