<?xml version="1.0" encoding="UTF-8"?>
<!DOCTYPE mapper PUBLIC "-//mybatis.org//DTD Mapper 3.0//EN" "http://mybatis.org/dtd/mybatis-3-mapper.dtd">
<mapper namespace="com.dao.ProjectjcDAO">
  <resultMap id="BaseResultMap" type="com.bean.Projectjc">
    <id column="id" jdbcType="INTEGER" property="id" />
    <result column="ddno" jdbcType="VARCHAR" property="ddno" />
    <result column="registid" jdbcType="VARCHAR" property="registid" />
    <result column="doctorid" jdbcType="VARCHAR" property="doctorid" />
    <result column="savetime" jdbcType="VARCHAR" property="savetime" />
    <result column="ishj" jdbcType="VARCHAR" property="ishj" />


  </resultMap>
  
  
  
     <insert id="add" parameterType="com.bean.Projectjc">
      insert into projectjc values(null,#{ddno},#{registid},#{doctorid},#{savetime},#{ishj})
    </insert>
  
  <select id="selectAll" parameterType="hashmap" resultMap="BaseResultMap">
     select * from projectjc where 1=1
     <if test="ddno!=null and ddno!=''">
       and ddno=#{ddno}
     </if>
     <if test="ishj!=null and ishj!=''">
       and ishj=#{ishj}
     </if>
     <if test="key!=null and key!=''">
       and registid in (select id from registration where name like "%"#{key}"%")
     </if>
     order by id desc
   </select>
   
   <select id="findById" parameterType="int" resultType="com.bean.Projectjc">
      select * from projectjc where id=#{id}
    </select>
    
    <update id="update" parameterType="com.bean.Projectjc">
       update projectjc
       <set>
         <if test="ishj!=null and ishj!=''"> ishj=#{ishj},</if>
       </set>
       where id=#{id}
    </update>
  
  
 
</mapper>